Titlenoob,Titlenoob 2
Heading,yummybou
1805130041,1
1805130051,2
1805130050,3
1805130049,4
1805130040,5
1805130053,6
1805130058,7
1805130056,8
1805130062,9
1805130063,10
1805130045,11
1805130055,12
1805130057,13
1805130047,14
1805130070,15
1805130044,16
1805130052,17
1805130046,18
1805130037,19
1805130064,20
1805130038,21
1705130030,22
1905130013,23
1705130041,24
1805130069,25
1905130008,26
1705130085,27
1905130006,28
1905130001,29
1705130027,30
1705130017,31
1905130009,32
1905130010,33
1905130003,34
1905130002,35
1905130011,36
1905130005,37
1905130012,38
1905130004,39
1805130004,40
1805130019,41
1805130016,42
1805130014,43
1805130008,44
1805130006,45
1805130018,46
1805130005,47
1805130003,48
1805130028,49
1805130001,50
1805130027,51
1805130002,52
1805130020,53
1805130010,54
1805130035,55
1805130030,56
1805130022,57
1805130032,58
1805130026,59
1805130012,60
1805130025,61
1805130015,62
1805130033,63
1805130011,64
1805130017,65
1805130029,66
1705130151,67
1705130064,68
1705130121,69
1705130127,70
1905130007,71
